<?xml version="1.0" encoding="UTF-8"?>

<hibernate-configuration>
    <session-factory>
        <!-- JDBC Database connection settings -->
        <property name="hibernate.connection.driver_class">com.mysql.cj.jdbc.Driver</property>
        <property name="hibernate.connection.url">jdbc:mysql://localhost:3306/Donation</property>
        <property name="hibernate.connection.username">root</property>
        <property name="hibernate.connection.password">abhilasha@123</property>
        <property name="hibernate.dialect">org.hibernate.dialect.MySQL8Dialect</property>
        

        <!-- Hibernate settings -->
        <property name="hibernate.hbm2ddl.auto">update</property>
        <property name="hibernate.format_sql">true</property>
        <property name="hibernate.use_sql_comments">true</property>

        <!-- Entity class mappings -->
        <mapping class="model.Donation"/>
        <mapping class="model.DonationType"/>
        <mapping class="model.Donor"/>
    </session-factory>
</hibernate-configuration>
